url,id,label_it,level
https://w3id.org/italia/public-administration-governance/controlled-vocabulary/data/elenco_diplomi_universitari/1,1," Tecnico di foniatria - Logopedista (Corsi universitari svolti presso Scuole Dirette a Fini Speciali, istituti con specifici DPR)",1
https://w3id.org/italia/public-administration-governance/controlled-vocabulary/data/elenco_diplomi_universitari/10,10,Dietista,1
https://w3id.org/italia/public-administration-governance/controlled-vocabulary/data/elenco_diplomi_universitari/100,100,Tecnico di Laboratorio Medico (D. M.d.S. 30/01/82)  ,1
https://w3id.org/italia/public-administration-governance/controlled-vocabulary/data/elenco_diplomi_universitari/101,101,Tecnico di Laboratorio Medico (DPR 130/69),1
https://w3id.org/italia/public-administration-governance/controlled-vocabulary/data/elenco_diplomi_universitari/102,102,"Tecnico di logopedia (Corsi universitari svolti presso Scuole Dirette a Fini Speciali, istituti con specifici DPR)",1
https://w3id.org/italia/public-administration-governance/controlled-vocabulary/data/elenco_diplomi_universitari/103,103,Tecnico di Logopedia (DPR 162/82),1
https://w3id.org/italia/public-administration-governance/controlled-vocabulary/data/elenco_diplomi_universitari/104,104,Tecnico di Logopedia e Foniatra (DPR 162/82),1
https://w3id.org/italia/public-administration-governance/controlled-vocabulary/data/elenco_diplomi_universitari/105,105,Tecnico di logopedia e foniatria (DPR 162/82),1
https://w3id.org/italia/public-administration-governance/controlled-vocabulary/data/elenco_diplomi_universitari/106,106,Tecnico di Neurofisiopatologia  (L. 341/90),1
https://w3id.org/italia/public-administration-governance/controlled-vocabulary/data/elenco_diplomi_universitari/107,107,Tecnico di Neurofisiopatologia (DPR 162/82),1
https://w3id.org/italia/public-administration-governance/controlled-vocabulary/data/elenco_diplomi_universitari/108,108,Tecnico di Radiologia Medica (DPR 162/82),1
https://w3id.org/italia/public-administration-governance/controlled-vocabulary/data/elenco_diplomi_universitari/109,109,Tecnico di Terapia Intensiva Chirurgica  (DPR 162/82),1
https://w3id.org/italia/public-administration-governance/controlled-vocabulary/data/elenco_diplomi_universitari/11,11,Dietista  (L. 341/90),1
https://w3id.org/italia/public-administration-governance/controlled-vocabulary/data/elenco_diplomi_universitari/110,110,Tecnico Fisioterapista della Riabilitazione (DPR.162/82),1
https://w3id.org/italia/public-administration-governance/controlled-vocabulary/data/elenco_diplomi_universitari/111,111,Tecnico Ortopedico  (L. 341/90),1
https://w3id.org/italia/public-administration-governance/controlled-vocabulary/data/elenco_diplomi_universitari/112,112,Tecnico Riabilitatore della Neuro e Psicomotricità dell'Età Evolutiva (DPR 1168/72) ,1
https://w3id.org/italia/public-administration-governance/controlled-vocabulary/data/elenco_diplomi_universitari/113,113,Tecnico Sanitario di Laboratorio Biomedico  (L. 341/90),1
https://w3id.org/italia/public-administration-governance/controlled-vocabulary/data/elenco_diplomi_universitari/114,114,Tecnico Sanitario di Radiologia Medica  (L. 341/90),1
https://w3id.org/italia/public-administration-governance/controlled-vocabulary/data/elenco_diplomi_universitari/115,115,Tecnico Sanitario di Radiologia Medica ( L. 25/83 ),1
https://w3id.org/italia/public-administration-governance/controlled-vocabulary/data/elenco_diplomi_universitari/116,116,Tecnico Sanitario di Radiologia Medica (L. 1103/65; ),1
https://w3id.org/italia/public-administration-governance/controlled-vocabulary/data/elenco_diplomi_universitari/117,117,Tecnico Sanitario di Radiologia Medica (L. 1103/65; L. 25/83 ),1
https://w3id.org/italia/public-administration-governance/controlled-vocabulary/data/elenco_diplomi_universitari/118,118,Terapia della Riabilitazione della Neuro e  Psicomotricità dell’Età Evolutiva  (L. 341/90),1
https://w3id.org/italia/public-administration-governance/controlled-vocabulary/data/elenco_diplomi_universitari/119,119,Terapista della Riabilitazione  (L. 341/90),1
https://w3id.org/italia/public-administration-governance/controlled-vocabulary/data/elenco_diplomi_universitari/12,12,Dietista (corsi regionali di abilitazione istituiti in strutture del SSN: D. M.d.S. 3/12/82) ,1
https://w3id.org/italia/public-administration-governance/controlled-vocabulary/data/elenco_diplomi_universitari/120,120,Terapista della riabilitazione – Logopedista (Corsi di abilitazione con autorizzazione regionale),1
https://w3id.org/italia/public-administration-governance/controlled-vocabulary/data/elenco_diplomi_universitari/121,121,"Terapista della riabilitazione (DPR 162/82; L. 341/90 ) con 3 anni di esp. certificata USL negli ultimi 5, come Terapista della Neuro e Psicomotricita’ dell’eta’ evolutiva",1
https://w3id.org/italia/public-administration-governance/controlled-vocabulary/data/elenco_diplomi_universitari/122,122,Terapista della Riabilitazione (DPR 162/82; L. 341/90),1
https://w3id.org/italia/public-administration-governance/controlled-vocabulary/data/elenco_diplomi_universitari/123,123,"Terapista della riabilitazione (DPR 162/82; L. 341/90) con 3 anni di esp.
Certificata USL negli ultimi 5, come Terapista occupazionale",1
https://w3id.org/italia/public-administration-governance/controlled-vocabulary/data/elenco_diplomi_universitari/124,124,"Terapista della riabilitazione (DPR 162/82; L. 341/90) con 3 anni di esp. certificata USL negli ultimi 5, come Tecnico della Riabilitazione Psichiatrica",1
https://w3id.org/italia/public-administration-governance/controlled-vocabulary/data/elenco_diplomi_universitari/125,125,"Terapista della riabilitazione (DPR 162/82; L. 341/90), con tre anni di esperienza certificata USL nell’ultimo quinquennio, come Logopedista
 ",1
https://w3id.org/italia/public-administration-governance/controlled-vocabulary/data/elenco_diplomi_universitari/126,126,"Terapista della riabilitazione (L. 118/71; D. M.d.S. 10/02/74 ), con tre anni di esperienza certificata USL nell’ultimo quinquennio, come Logopedista
",1
https://w3id.org/italia/public-administration-governance/controlled-vocabulary/data/elenco_diplomi_universitari/127,127,"Terapista della riabilitazione (L. 118/71; D.M d.S 10/02/74) con 3 anni di esp. certificata USL negli ultimi 5, come Terapista occupazionale",1
https://w3id.org/italia/public-administration-governance/controlled-vocabulary/data/elenco_diplomi_universitari/128,128,"Terapista della riabilitazione (L. 118/71; DM  n. 118 e D.M.d.S. 10/02/74) con 3 anni di esp. certificata USL negli ultimi 5, come Terapista della Neuro e Psicomotricita’ dell’eta’ evolutiva",1
https://w3id.org/italia/public-administration-governance/controlled-vocabulary/data/elenco_diplomi_universitari/129,129,Terapista della Riabilitazione (L. 118/71; DM. 10/02/74),1
https://w3id.org/italia/public-administration-governance/controlled-vocabulary/data/elenco_diplomi_universitari/13,13,Dietologia e Dietetica Applicata  (L. 341/90),1
https://w3id.org/italia/public-administration-governance/controlled-vocabulary/data/elenco_diplomi_universitari/130,130,Terapista della Riabilitazione dell’apparato motore (DPR 162/82),1
https://w3id.org/italia/public-administration-governance/controlled-vocabulary/data/elenco_diplomi_universitari/131,131,Terapista della Riabilitazione della Neuro e Psicomotricità dell’Età Evolutiva (DPR 162/82),1
https://w3id.org/italia/public-administration-governance/controlled-vocabulary/data/elenco_diplomi_universitari/132,132,Terapista della riabilitazione specializzato in terapia del linguaggio (DPR 834/70; DPR 947/75; DPR 162/82)  ,1
https://w3id.org/italia/public-administration-governance/controlled-vocabulary/data/elenco_diplomi_universitari/133,133,"Terapista della Riabilitazione, Indirizzo Neurologico (DPR 162/82)",1
https://w3id.org/italia/public-administration-governance/controlled-vocabulary/data/elenco_diplomi_universitari/134,134,"Terapista della Riabilitazione, Indirizzo Riabilitazione dell’Apparato Locomotore (DPR 162/82)",1
https://w3id.org/italia/public-administration-governance/controlled-vocabulary/data/elenco_diplomi_universitari/135,135,"Terapista della Riabilitazione, Specializzato in  Chinesiterapia o Terapia del Linguaggio (DPR 162/82)",1
https://w3id.org/italia/public-administration-governance/controlled-vocabulary/data/elenco_diplomi_universitari/136,136,"Terapista della riabilitazione(L. 118/71 30; D. M.d.S. 10/02/74) con 3 anni di esp. certificata USL negli ultimi 5, come Tecnico della Riabilitazione Psichiatrica",1
https://w3id.org/italia/public-administration-governance/controlled-vocabulary/data/elenco_diplomi_universitari/137,137,Terapista occupazionale (DPR 162/82),1
https://w3id.org/italia/public-administration-governance/controlled-vocabulary/data/elenco_diplomi_universitari/138,138,Vigilatrice d’infanzia (L. 1098/40),1
https://w3id.org/italia/public-administration-governance/controlled-vocabulary/data/elenco_diplomi_universitari/139,139,Assistente Sociale: Scuola diretta ai fini speciali universitaria (DPR 162/82),1
https://w3id.org/italia/public-administration-governance/controlled-vocabulary/data/elenco_diplomi_universitari/14,14,Dietologia e Dietetica applicata (DPR 162/82),1
https://w3id.org/italia/public-administration-governance/controlled-vocabulary/data/elenco_diplomi_universitari/140,140,Diploma Universitario in Servizio sociale (L. 341/90),1
https://w3id.org/italia/public-administration-governance/controlled-vocabulary/data/elenco_diplomi_universitari/141,141,"Diploma di Assistente Sociale con convalida universitaria o abilitante ai sensi del D.P.R. 15.01.1987, n.14 e ss.mm.ii.",1
https://w3id.org/italia/public-administration-governance/controlled-vocabulary/data/elenco_diplomi_universitari/142,142,Edilizia (L. 341/90),1
https://w3id.org/italia/public-administration-governance/controlled-vocabulary/data/elenco_diplomi_universitari/143,143,Ingegneria delle Infrastrutture,1
https://w3id.org/italia/public-administration-governance/controlled-vocabulary/data/elenco_diplomi_universitari/144,144,Sistemi Informativi Territoriali,1
https://w3id.org/italia/public-administration-governance/controlled-vocabulary/data/elenco_diplomi_universitari/145,145,"Tecnico di neurofisiopatologia: corsi regionali di formazione specifica, almeno
Biennali, ex decreto 26/01/1988, n. 30, del M.d.S.",1
https://w3id.org/italia/public-administration-governance/controlled-vocabulary/data/elenco_diplomi_universitari/146,146,"Tecnico di fisiopatologia: corsi regionali di formazione specifica, almeno biennali, ex decreto 26/01/1988, n. 30, del M.d.S.",1
https://w3id.org/italia/public-administration-governance/controlled-vocabulary/data/elenco_diplomi_universitari/147,147,Tecnico dell’educazione e della riabilitazione psichiatrica e psicosociale (D.M. 17/01/97 n. 57),1
https://w3id.org/italia/public-administration-governance/controlled-vocabulary/data/elenco_diplomi_universitari/148,148,Diploma o attestato equipollente al Diploma Universitario di Assistente Sanitario ai sensi D.M. Sanità 27.07.2000,1
https://w3id.org/italia/public-administration-governance/controlled-vocabulary/data/elenco_diplomi_universitari/149,149,Relazioni Industriali,1
https://w3id.org/italia/public-administration-governance/controlled-vocabulary/data/elenco_diplomi_universitari/15,15,Diploma di Infermiera Professionale (RD. 2330/29),1
https://w3id.org/italia/public-administration-governance/controlled-vocabulary/data/elenco_diplomi_universitari/150,150,Archivistica (Dpr 162/1982),1
https://w3id.org/italia/public-administration-governance/controlled-vocabulary/data/elenco_diplomi_universitari/151,151,Beni culturali per operatori turistici (L. 341/90),1
https://w3id.org/italia/public-administration-governance/controlled-vocabulary/data/elenco_diplomi_universitari/152,152,Operatore culturale per il turismo (L. 341/90),1
https://w3id.org/italia/public-administration-governance/controlled-vocabulary/data/elenco_diplomi_universitari/153,153,Operatore dei beni culturali (L. 341/90),1
https://w3id.org/italia/public-administration-governance/controlled-vocabulary/data/elenco_diplomi_universitari/154,154,Operatore del turismo culturale (L. 341/90),1
https://w3id.org/italia/public-administration-governance/controlled-vocabulary/data/elenco_diplomi_universitari/155,155,Etica sanitaria e bioetica (L. 341/90),1
https://w3id.org/italia/public-administration-governance/controlled-vocabulary/data/elenco_diplomi_universitari/156,156,Consulente del lavoro (L. 341/90),1
https://w3id.org/italia/public-administration-governance/controlled-vocabulary/data/elenco_diplomi_universitari/157,157,Operatore giudiziario (L. 341/90),1
https://w3id.org/italia/public-administration-governance/controlled-vocabulary/data/elenco_diplomi_universitari/158,158,Operatore giuridico d'impresa (L. 341/90),1
https://w3id.org/italia/public-administration-governance/controlled-vocabulary/data/elenco_diplomi_universitari/159,159,Banca e finanza (L. 341/90),1
https://w3id.org/italia/public-administration-governance/controlled-vocabulary/data/elenco_diplomi_universitari/16,16,Diploma di Infermiere Professionale (DPR 162/82),1
https://w3id.org/italia/public-administration-governance/controlled-vocabulary/data/elenco_diplomi_universitari/160,160,Economia del sistema agroalimentare e dell'ambiente (L. 341/90),1
https://w3id.org/italia/public-administration-governance/controlled-vocabulary/data/elenco_diplomi_universitari/161,161,Economia delle imprese cooperative e delle organizzazioni non profit (L. 341/90),1
https://w3id.org/italia/public-administration-governance/controlled-vocabulary/data/elenco_diplomi_universitari/162,162,Economia e amministrazione delle imprese (L. 341/90),1
https://w3id.org/italia/public-administration-governance/controlled-vocabulary/data/elenco_diplomi_universitari/163,163,Economia e gestione dei servizi turistici (L. 341/90),1
https://w3id.org/italia/public-administration-governance/controlled-vocabulary/data/elenco_diplomi_universitari/164,164,Gestione delle amministrazioni pubbliche (L. 341/90),1
https://w3id.org/italia/public-administration-governance/controlled-vocabulary/data/elenco_diplomi_universitari/165,165,Gestione delle imprese alimentari (L. 341/90),1
https://w3id.org/italia/public-administration-governance/controlled-vocabulary/data/elenco_diplomi_universitari/166,166,Gestione delle imprese cooperative e delle organizzazioni no profit (L. 341/90),1
https://w3id.org/italia/public-administration-governance/controlled-vocabulary/data/elenco_diplomi_universitari/167,167,Marketing e comunicazione di azienda (L. 341/90),1
https://w3id.org/italia/public-administration-governance/controlled-vocabulary/data/elenco_diplomi_universitari/168,168,Operatore per la didattica a distanza (L. 341/90),1
https://w3id.org/italia/public-administration-governance/controlled-vocabulary/data/elenco_diplomi_universitari/169,169,Tecnico di laboratorio della formazione (L. 341/90),1
https://w3id.org/italia/public-administration-governance/controlled-vocabulary/data/elenco_diplomi_universitari/17,17,Diploma rilasciato da una Scuola di ostetricia ai sensi  RdI 2128/36 e L. 1252/57  ,1
https://w3id.org/italia/public-administration-governance/controlled-vocabulary/data/elenco_diplomi_universitari/170,170,Consulenza grafologica (L. 341/90),1
https://w3id.org/italia/public-administration-governance/controlled-vocabulary/data/elenco_diplomi_universitari/171,171,Educatore di comunità (L. 341/90),1
https://w3id.org/italia/public-administration-governance/controlled-vocabulary/data/elenco_diplomi_universitari/172,172,Educatore e divulgatore ambientale (L. 341/90),1
https://w3id.org/italia/public-administration-governance/controlled-vocabulary/data/elenco_diplomi_universitari/173,173,Educatore nelle comunita infantili (L. 341/90),1
https://w3id.org/italia/public-administration-governance/controlled-vocabulary/data/elenco_diplomi_universitari/174,174,Educatore professionale (L. 341/90),1
https://w3id.org/italia/public-administration-governance/controlled-vocabulary/data/elenco_diplomi_universitari/175,175,Tecnica pubblicitaria (L. 341/90),1
https://w3id.org/italia/public-administration-governance/controlled-vocabulary/data/elenco_diplomi_universitari/176,176,Relazioni pubbliche (Dpr 162/1982),1
https://w3id.org/italia/public-administration-governance/controlled-vocabulary/data/elenco_diplomi_universitari/177,177,Giornalismo (L. 341/90),1
https://w3id.org/italia/public-administration-governance/controlled-vocabulary/data/elenco_diplomi_universitari/178,178,Scienza dei media e della comunicazione (L. 341/90),1
https://w3id.org/italia/public-administration-governance/controlled-vocabulary/data/elenco_diplomi_universitari/179,179,Commercio estero (L. 341/90),1
https://w3id.org/italia/public-administration-governance/controlled-vocabulary/data/elenco_diplomi_universitari/18,18,"Diploma universitario di Infermiere, dlg 502/92, s.m.i.",1
https://w3id.org/italia/public-administration-governance/controlled-vocabulary/data/elenco_diplomi_universitari/180,180,Economia applicata (L. 341/90),1
https://w3id.org/italia/public-administration-governance/controlled-vocabulary/data/elenco_diplomi_universitari/181,181,Economia dell' ambiente (L. 341/90),1
https://w3id.org/italia/public-administration-governance/controlled-vocabulary/data/elenco_diplomi_universitari/182,182,Metodi quantitativi per l'economia (L. 341/90),1
https://w3id.org/italia/public-administration-governance/controlled-vocabulary/data/elenco_diplomi_universitari/183,183,Moneta e finanza (L. 341/90),1
https://w3id.org/italia/public-administration-governance/controlled-vocabulary/data/elenco_diplomi_universitari/184,184,Scienze assicurative (L. 341/90),1
https://w3id.org/italia/public-administration-governance/controlled-vocabulary/data/elenco_diplomi_universitari/185,185,Statistica (L. 341/90),1
https://w3id.org/italia/public-administration-governance/controlled-vocabulary/data/elenco_diplomi_universitari/186,186,Statistica e informatica per la gestione delle imprese (L. 341/90),1
https://w3id.org/italia/public-administration-governance/controlled-vocabulary/data/elenco_diplomi_universitari/187,187,Statistica e informatica per le Amministrazioni pubbliche (L. 341/90),1
https://w3id.org/italia/public-administration-governance/controlled-vocabulary/data/elenco_diplomi_universitari/188,188,Analisi chimico-biologiche (L. 341/90),1
https://w3id.org/italia/public-administration-governance/controlled-vocabulary/data/elenco_diplomi_universitari/189,189,Biologia,1
https://w3id.org/italia/public-administration-governance/controlled-vocabulary/data/elenco_diplomi_universitari/19,19,Economia e Merceologia degli Alimenti (DPR 1790/63; DPR 162/82; L. 341/90),1
https://w3id.org/italia/public-administration-governance/controlled-vocabulary/data/elenco_diplomi_universitari/190,190,Tecnico dello sviluppo ecocompatibile,1
https://w3id.org/italia/public-administration-governance/controlled-vocabulary/data/elenco_diplomi_universitari/191,191,Controllo di qualità nel settore industriale farmaceutico,1
https://w3id.org/italia/public-administration-governance/controlled-vocabulary/data/elenco_diplomi_universitari/192,192,Informazione scientifico sul farmaco,1
https://w3id.org/italia/public-administration-governance/controlled-vocabulary/data/elenco_diplomi_universitari/193,193,Tecniche erboristiche,1
https://w3id.org/italia/public-administration-governance/controlled-vocabulary/data/elenco_diplomi_universitari/194,194,Tecnologie farmaceutiche,1
https://w3id.org/italia/public-administration-governance/controlled-vocabulary/data/elenco_diplomi_universitari/195,195,Tecnico cosmetologo,1
https://w3id.org/italia/public-administration-governance/controlled-vocabulary/data/elenco_diplomi_universitari/196,196,Tecnico specializzato in cosmetologia,1
https://w3id.org/italia/public-administration-governance/controlled-vocabulary/data/elenco_diplomi_universitari/197,197,Rilevamento e rappresentazione dei beni architettonici (DPR 162/82) ,1
https://w3id.org/italia/public-administration-governance/controlled-vocabulary/data/elenco_diplomi_universitari/198,198,Ingegneria dell'ambiente e delle risorse (L. 341/90),1
https://w3id.org/italia/public-administration-governance/controlled-vocabulary/data/elenco_diplomi_universitari/199,199,Ingegneria delle Strutture (L. 341/90),1
https://w3id.org/italia/public-administration-governance/controlled-vocabulary/data/elenco_diplomi_universitari/2,2," Tecnico di ortofonia (Corsi universitari svolti presso Scuole Dirette a Fini Speciali, istituti con specifici DPR)",1
https://w3id.org/italia/public-administration-governance/controlled-vocabulary/data/elenco_diplomi_universitari/20,20,"Economo Dietista (D. M.d.S. 30/01/82, con attestato di tirocinio semestrale in dietologia in strutture SSN) ",1
https://w3id.org/italia/public-administration-governance/controlled-vocabulary/data/elenco_diplomi_universitari/200,200,Ingegneria Edile (L. 341/90),1
https://w3id.org/italia/public-administration-governance/controlled-vocabulary/data/elenco_diplomi_universitari/201,201,"Realizzazione, riqualificazione e gestione degli spazi verdi (L. 341/90)",1
https://w3id.org/italia/public-administration-governance/controlled-vocabulary/data/elenco_diplomi_universitari/202,202,Informatica (L. 341/90),1
https://w3id.org/italia/public-administration-governance/controlled-vocabulary/data/elenco_diplomi_universitari/203,203,Coordinamento per le attività di protezione civile (L. 341/90),1
https://w3id.org/italia/public-administration-governance/controlled-vocabulary/data/elenco_diplomi_universitari/204,204,Scienze ambientali (L. 341/90),1
https://w3id.org/italia/public-administration-governance/controlled-vocabulary/data/elenco_diplomi_universitari/205,205,Tecnico di misure ambientali (L. 341/90),1
https://w3id.org/italia/public-administration-governance/controlled-vocabulary/data/elenco_diplomi_universitari/206,206,Geologia per la protezione dell’ambiente (L. 341/90),1
https://w3id.org/italia/public-administration-governance/controlled-vocabulary/data/elenco_diplomi_universitari/207,207,Geologo (Tecnico per il monitoraggio geoambientale) (L. 341/90),1
https://w3id.org/italia/public-administration-governance/controlled-vocabulary/data/elenco_diplomi_universitari/208,208,Prospettore geologico (L. 341/90),1
https://w3id.org/italia/public-administration-governance/controlled-vocabulary/data/elenco_diplomi_universitari/209,209,Biotecnologie agroindustriali (L. 341/90),1
https://w3id.org/italia/public-administration-governance/controlled-vocabulary/data/elenco_diplomi_universitari/21,21,Educatore di comunità (D. 444/90) ,1
https://w3id.org/italia/public-administration-governance/controlled-vocabulary/data/elenco_diplomi_universitari/210,210,Biotecnologie industriali (L. 341/90),1
https://w3id.org/italia/public-administration-governance/controlled-vocabulary/data/elenco_diplomi_universitari/211,211,Tecnico in biotecnologie (L. 341/90),1
https://w3id.org/italia/public-administration-governance/controlled-vocabulary/data/elenco_diplomi_universitari/212,212,Scienze dei materiali (L. 341/90),1
https://w3id.org/italia/public-administration-governance/controlled-vocabulary/data/elenco_diplomi_universitari/213,213,Scienze e tecniche cartarie (L. 341/90),1
https://w3id.org/italia/public-administration-governance/controlled-vocabulary/data/elenco_diplomi_universitari/214,214,Ottica tecnica (L. 341/90),1
https://w3id.org/italia/public-administration-governance/controlled-vocabulary/data/elenco_diplomi_universitari/215,215,Tecnologie industriali e dei materiali (L. 341/90),1
https://w3id.org/italia/public-administration-governance/controlled-vocabulary/data/elenco_diplomi_universitari/216,216,Economia e ingegneria della qualità (L. 341/90),1
https://w3id.org/italia/public-administration-governance/controlled-vocabulary/data/elenco_diplomi_universitari/217,217,Ingegneria aerospaziale (L. 341/90),1
https://w3id.org/italia/public-administration-governance/controlled-vocabulary/data/elenco_diplomi_universitari/218,218,Ingegneria chimica (L. 341/90),1
https://w3id.org/italia/public-administration-governance/controlled-vocabulary/data/elenco_diplomi_universitari/219,219,Ingegneria dell’automazione (L. 341/90),1
https://w3id.org/italia/public-administration-governance/controlled-vocabulary/data/elenco_diplomi_universitari/22,22,Educatore di comunità (DPR 162/82; L. 341/90) ,1
https://w3id.org/italia/public-administration-governance/controlled-vocabulary/data/elenco_diplomi_universitari/220,220,Ingegneria delle materie plastiche (L. 341/90),1
https://w3id.org/italia/public-administration-governance/controlled-vocabulary/data/elenco_diplomi_universitari/221,221,Ingegneria elettrica (L. 341/90),1
https://w3id.org/italia/public-administration-governance/controlled-vocabulary/data/elenco_diplomi_universitari/222,222,Ingegneria energetica (L. 341/90),1
https://w3id.org/italia/public-administration-governance/controlled-vocabulary/data/elenco_diplomi_universitari/223,223,Ingegneria logistica e della produzione (L. 341/90),1
https://w3id.org/italia/public-administration-governance/controlled-vocabulary/data/elenco_diplomi_universitari/224,224,Ingegneria meccanica (L. 341/90),1
https://w3id.org/italia/public-administration-governance/controlled-vocabulary/data/elenco_diplomi_universitari/225,225,Produzione industriale (L. 341/90),1
https://w3id.org/italia/public-administration-governance/controlled-vocabulary/data/elenco_diplomi_universitari/226,226,Scienza e ingegneria dei materiali (L. 341/90),1
https://w3id.org/italia/public-administration-governance/controlled-vocabulary/data/elenco_diplomi_universitari/227,227,Ingegneria biomedica (L. 341/90),1
https://w3id.org/italia/public-administration-governance/controlled-vocabulary/data/elenco_diplomi_universitari/228,228,Ingegneria delle telecomunicazioni (L. 341/90),1
https://w3id.org/italia/public-administration-governance/controlled-vocabulary/data/elenco_diplomi_universitari/229,229,Ingegneria elettronica (L. 341/90),1
https://w3id.org/italia/public-administration-governance/controlled-vocabulary/data/elenco_diplomi_universitari/23,23,Educatore professionale (corsi di formazione specifica ex L. 118/71),1
https://w3id.org/italia/public-administration-governance/controlled-vocabulary/data/elenco_diplomi_universitari/230,230,Ingegneria informatica (L. 341/90),1
https://w3id.org/italia/public-administration-governance/controlled-vocabulary/data/elenco_diplomi_universitari/231,231,Ingegneria informatica e automatica (L. 341/90),1
https://w3id.org/italia/public-administration-governance/controlled-vocabulary/data/elenco_diplomi_universitari/232,232,Informatica (didattica a distanza) (DPR 162/82),1
https://w3id.org/italia/public-administration-governance/controlled-vocabulary/data/elenco_diplomi_universitari/233,233,Tecnico specialista in impianti biotecnologici (DPR 162/82),1
https://w3id.org/italia/public-administration-governance/controlled-vocabulary/data/elenco_diplomi_universitari/234,234,Tecnico in biotecnologie (DPR 162/82),1
https://w3id.org/italia/public-administration-governance/controlled-vocabulary/data/elenco_diplomi_universitari/235,235,Utilizzazione dell’energia (DPR 162/82),1
https://w3id.org/italia/public-administration-governance/controlled-vocabulary/data/elenco_diplomi_universitari/236,236,Progettista per la nautica da diporto (DPR 162/82),1
https://w3id.org/italia/public-administration-governance/controlled-vocabulary/data/elenco_diplomi_universitari/237,237,Esperto in tecnologie tessili (DPR 162/82),1
https://w3id.org/italia/public-administration-governance/controlled-vocabulary/data/elenco_diplomi_universitari/238,238,Chimica (L.341/90),1
https://w3id.org/italia/public-administration-governance/controlled-vocabulary/data/elenco_diplomi_universitari/239,239,Topografo esperto (DPR 162/82),1
https://w3id.org/italia/public-administration-governance/controlled-vocabulary/data/elenco_diplomi_universitari/24,24,"Educatore Professionale (corsi regionali triennali di formazione specifica, antecedenti D. M.d.S. 10/02/84 )",1
https://w3id.org/italia/public-administration-governance/controlled-vocabulary/data/elenco_diplomi_universitari/240,240,Valutazione e controllo ambientale (L. 341/90),1
https://w3id.org/italia/public-administration-governance/controlled-vocabulary/data/elenco_diplomi_universitari/241,241,Organizzazione teatrale (L.341/90),1
https://w3id.org/italia/public-administration-governance/controlled-vocabulary/data/elenco_diplomi_universitari/242,242,Operatore in tecniche artistiche e dello spettacolo (L.341/90),1
https://w3id.org/italia/public-administration-governance/controlled-vocabulary/data/elenco_diplomi_universitari/243,243,Tecniche artistiche e dello spettacolo (L.341/90),1
https://w3id.org/italia/public-administration-governance/controlled-vocabulary/data/elenco_diplomi_universitari/244,244,Operatore di costume e moda (L.341/90),1
https://w3id.org/italia/public-administration-governance/controlled-vocabulary/data/elenco_diplomi_universitari/245,245,Tecnico audiovisivo e multimediale (L. 341/90),1
https://w3id.org/italia/public-administration-governance/controlled-vocabulary/data/elenco_diplomi_universitari/246,246,Tecnologo della comunicazione audiovisiva e multimediale (L. 341/90),1
https://w3id.org/italia/public-administration-governance/controlled-vocabulary/data/elenco_diplomi_universitari/247,247,Costume e moda (D.P.R.162/82),1
https://w3id.org/italia/public-administration-governance/controlled-vocabulary/data/elenco_diplomi_universitari/248,248,Disegno industriale   (L. 341/90),1
https://w3id.org/italia/public-administration-governance/controlled-vocabulary/data/elenco_diplomi_universitari/249,249,Traduttori ed interpreti (L. 341/90),1
https://w3id.org/italia/public-administration-governance/controlled-vocabulary/data/elenco_diplomi_universitari/25,25,"Educatore Professionale (corsi regionali triennali di formazione specifica, ex D. M.d.S. 10/02/84 )",1
https://w3id.org/italia/public-administration-governance/controlled-vocabulary/data/elenco_diplomi_universitari/250,250,Lingue straniere con specializzazione turistico-culturale (L.341/90),1
https://w3id.org/italia/public-administration-governance/controlled-vocabulary/data/elenco_diplomi_universitari/251,251,Insegnamento della lingua italiana a stranieri (L.341/90),1
https://w3id.org/italia/public-administration-governance/controlled-vocabulary/data/elenco_diplomi_universitari/252,252,Esperto linguistico d'impresa (L.341/90),1
https://w3id.org/italia/public-administration-governance/controlled-vocabulary/data/elenco_diplomi_universitari/253,253,Scienze motorie (L. 341/90),1
https://w3id.org/italia/public-administration-governance/controlled-vocabulary/data/elenco_diplomi_universitari/254,254,Operatori psico-pedagogici (L.341/90),1
https://w3id.org/italia/public-administration-governance/controlled-vocabulary/data/elenco_diplomi_universitari/255,255,Produzioni agrarie tropicali e subtropicali  (L.341/90),1
https://w3id.org/italia/public-administration-governance/controlled-vocabulary/data/elenco_diplomi_universitari/256,256,Tecniche forestali e tecnologie del legno (già Tecniche forestali)  (L.341/90),1
https://w3id.org/italia/public-administration-governance/controlled-vocabulary/data/elenco_diplomi_universitari/257,257,Produzioni vegetali  (L.341/90),1
https://w3id.org/italia/public-administration-governance/controlled-vocabulary/data/elenco_diplomi_universitari/258,258,Gestione tecnica e amministrativa in agricoltura (L.341/90),1
https://w3id.org/italia/public-administration-governance/controlled-vocabulary/data/elenco_diplomi_universitari/259,259,Viticoltura ed enologia  (L. 341/90),1
https://w3id.org/italia/public-administration-governance/controlled-vocabulary/data/elenco_diplomi_universitari/26,26,"Educatore professionale (corsi regionali triennali di qualificazione autorizzati  Regione Piemonte e Valle d’Aosta)
",1
https://w3id.org/italia/public-administration-governance/controlled-vocabulary/data/elenco_diplomi_universitari/260,260,Tecnologie alimentari  (L. 341/90),1
https://w3id.org/italia/public-administration-governance/controlled-vocabulary/data/elenco_diplomi_universitari/261,261,Metodologie Fisiche (L.341/90),1
https://w3id.org/italia/public-administration-governance/controlled-vocabulary/data/elenco_diplomi_universitari/262,262,Igiene e sanità animale (L.341/90),1
https://w3id.org/italia/public-administration-governance/controlled-vocabulary/data/elenco_diplomi_universitari/263,263,Produzioni animali  (L.341/90),1
https://w3id.org/italia/public-administration-governance/controlled-vocabulary/data/elenco_diplomi_universitari/264,264,Operatore della sicurezza e del controllo sociale (L.341/90),1
https://w3id.org/italia/public-administration-governance/controlled-vocabulary/data/elenco_diplomi_universitari/265,265,Operatori tecnico-scientifici per i beni culturali ed ambientali - Settore archeologico (Dpr 162/1982) ,1
https://w3id.org/italia/public-administration-governance/controlled-vocabulary/data/elenco_diplomi_universitari/266,266,Tecnico per la diagnostica applicata al restauro e conservazione dei beni culturali (L. 341/90),1
https://w3id.org/italia/public-administration-governance/controlled-vocabulary/data/elenco_diplomi_universitari/267,267,Servizio sociale  (L.341/90),1
https://w3id.org/italia/public-administration-governance/controlled-vocabulary/data/elenco_diplomi_universitari/268,268,Sceneggiatura e regia cinematografica e televisiva (L.341/90),1
https://w3id.org/italia/public-administration-governance/controlled-vocabulary/data/elenco_diplomi_universitari/269,269,Organizzazione musicale (L.341/90),1
https://w3id.org/italia/public-administration-governance/controlled-vocabulary/data/elenco_diplomi_universitari/27,27,"Educatore Professionale (corsi triennali di formazione specifica ex L. 845/78)
",1
https://w3id.org/italia/public-administration-governance/controlled-vocabulary/data/elenco_diplomi_universitari/270,270,Amministrazione e Controllo Aziendale (DPR 162/82),1
https://w3id.org/italia/public-administration-governance/controlled-vocabulary/data/elenco_diplomi_universitari/271,271,Esperti in lingue nel settore del commercio (DPR 162/82),1
https://w3id.org/italia/public-administration-governance/controlled-vocabulary/data/elenco_diplomi_universitari/272,272,Consulente del lavoro (DPR 162/82),1
https://w3id.org/italia/public-administration-governance/controlled-vocabulary/data/elenco_diplomi_universitari/273,273,"Scienze e tecnologie agrarie, agroalimentari e forestali",1
https://w3id.org/italia/public-administration-governance/controlled-vocabulary/data/elenco_diplomi_universitari/274,274,Scienze e tecnologie farmaceutiche,1
https://w3id.org/italia/public-administration-governance/controlled-vocabulary/data/elenco_diplomi_universitari/275,275,Scienze e tecnologie per l’ambiente e la natura,1
https://w3id.org/italia/public-administration-governance/controlled-vocabulary/data/elenco_diplomi_universitari/276,276,Economia ed amministrazione delle imprese agricole,1
https://w3id.org/italia/public-administration-governance/controlled-vocabulary/data/elenco_diplomi_universitari/28,28,Educatore Professionale (DPR 162/82; L. 341/90) ,1
https://w3id.org/italia/public-administration-governance/controlled-vocabulary/data/elenco_diplomi_universitari/29,29,Educatore professionale animatore (corsi regionali triennali di formazione specifica autorizzati Regione Veneto),1
https://w3id.org/italia/public-administration-governance/controlled-vocabulary/data/elenco_diplomi_universitari/3,3,Assistente Sanitaria Visitatrice (RD. 2330/29),1
https://w3id.org/italia/public-administration-governance/controlled-vocabulary/data/elenco_diplomi_universitari/30,30,Educatore professionale in servizio (corso regionali triennali di formazione autorizzati Regione Lombardia),1
https://w3id.org/italia/public-administration-governance/controlled-vocabulary/data/elenco_diplomi_universitari/31,31,Educatore professionale psicomotricista (corso regionali triennali di formazione autorizzati Regione Lombardia),1
https://w3id.org/italia/public-administration-governance/controlled-vocabulary/data/elenco_diplomi_universitari/32,32,Educatore specializzato (corso regionali triennali di formazione autorizzati Regione Lombardia),1
https://w3id.org/italia/public-administration-governance/controlled-vocabulary/data/elenco_diplomi_universitari/33,33,Fisiokinesiterapista (corsi biennali di formazione specifica ex L. 86/42) ,1
https://w3id.org/italia/public-administration-governance/controlled-vocabulary/data/elenco_diplomi_universitari/34,34,Fisioterapista  (L. 341/90),1
https://w3id.org/italia/public-administration-governance/controlled-vocabulary/data/elenco_diplomi_universitari/35,35,Igienista Dentale  (L. 341/90),1
https://w3id.org/italia/public-administration-governance/controlled-vocabulary/data/elenco_diplomi_universitari/36,36,"Igienista Dentale (corsi regionali di formazione almeno biennali, in strutture SSN, antecedenti a D. 30/88)",1
https://w3id.org/italia/public-administration-governance/controlled-vocabulary/data/elenco_diplomi_universitari/37,37,"Igienista Dentale (corsi regionali di formazione specifica, almeno biennali, ex D. 30/88 MdS)",1
https://w3id.org/italia/public-administration-governance/controlled-vocabulary/data/elenco_diplomi_universitari/38,38,Igienista Dentale (D.P.R. 162/82),1
https://w3id.org/italia/public-administration-governance/controlled-vocabulary/data/elenco_diplomi_universitari/39,39,Igienista Dentale (L. 341/90),1
https://w3id.org/italia/public-administration-governance/controlled-vocabulary/data/elenco_diplomi_universitari/4,4,Diploma Universitario di Assistente Sanitario (Dlg 502/92) ,1
https://w3id.org/italia/public-administration-governance/controlled-vocabulary/data/elenco_diplomi_universitari/40,40,Infermiere (L. 341/90),1
https://w3id.org/italia/public-administration-governance/controlled-vocabulary/data/elenco_diplomi_universitari/41,41,Logopedia  (L. 341/90),1
https://w3id.org/italia/public-administration-governance/controlled-vocabulary/data/elenco_diplomi_universitari/42,42,Logopedista  (L. 341/90),1
https://w3id.org/italia/public-administration-governance/controlled-vocabulary/data/elenco_diplomi_universitari/43,43,"Logopedista (Corsi regionali di abilitazione in strutture SSN, ex D. M.d.S. 30/01/82 ; DPR 162/82, L. 341/90)",1
https://w3id.org/italia/public-administration-governance/controlled-vocabulary/data/elenco_diplomi_universitari/44,44,Logopedista (DPR 162/82),1
https://w3id.org/italia/public-administration-governance/controlled-vocabulary/data/elenco_diplomi_universitari/45,45,Logoterapista – Tecnico di Logopedia (Corsi regionali di abilitazione in strutture SSN antecedenti a D. M.d.S. 30/01/82),1
https://w3id.org/italia/public-administration-governance/controlled-vocabulary/data/elenco_diplomi_universitari/46,46,Massofisioterapista (corso triennale di formazione specifica ex L. 403/71),1
https://w3id.org/italia/public-administration-governance/controlled-vocabulary/data/elenco_diplomi_universitari/47,47,"Meccanico Ortopedico Ernista, non oltre il 31/12/98, rilasciato ai sensi RD 1265/34  ",1
https://w3id.org/italia/public-administration-governance/controlled-vocabulary/data/elenco_diplomi_universitari/48,48,Operatore sociale (corso regionali triennali di formazione autorizzati Regione Lombardia),1
https://w3id.org/italia/public-administration-governance/controlled-vocabulary/data/elenco_diplomi_universitari/49,49,Ortottista - assistente di oftalmologia  (DPR 162/82),1
https://w3id.org/italia/public-administration-governance/controlled-vocabulary/data/elenco_diplomi_universitari/5,5,Assistente Sanitario (DmS 69/97),1
https://w3id.org/italia/public-administration-governance/controlled-vocabulary/data/elenco_diplomi_universitari/50,50,Ortottista - assistente di oftalmologia (L. 341/90),1
https://w3id.org/italia/public-administration-governance/controlled-vocabulary/data/elenco_diplomi_universitari/51,51,Ortottista ed Assistente in Oftalmologia  (L. 341/90),1
https://w3id.org/italia/public-administration-governance/controlled-vocabulary/data/elenco_diplomi_universitari/52,52,Ortottista/I-Assistente/I in Oftalmologia (DPR 162/82),1
https://w3id.org/italia/public-administration-governance/controlled-vocabulary/data/elenco_diplomi_universitari/53,53,Ostetrica/o  (L. 341/90),1
https://w3id.org/italia/public-administration-governance/controlled-vocabulary/data/elenco_diplomi_universitari/54,54,Podologo  (L. 341/90),1
https://w3id.org/italia/public-administration-governance/controlled-vocabulary/data/elenco_diplomi_universitari/55,55,Podologo (Corsi regionali triennali di formazione specifica ex L.R. Regione Lazio 10/90),1
https://w3id.org/italia/public-administration-governance/controlled-vocabulary/data/elenco_diplomi_universitari/56,56,Podologo (Corsi regionali triennali di formazione specifica ex. D.M.d.S. 30/88),1
https://w3id.org/italia/public-administration-governance/controlled-vocabulary/data/elenco_diplomi_universitari/57,57,"Podologo (Corsi regionali triennali di formazione specifica,antecedenti a  D.M.d.S. 30/88)",1
https://w3id.org/italia/public-administration-governance/controlled-vocabulary/data/elenco_diplomi_universitari/58,58,Professioni Infermieristiche,1
https://w3id.org/italia/public-administration-governance/controlled-vocabulary/data/elenco_diplomi_universitari/59,59,Riabilitazione Psichiatrica e Psicosociale  (L. 341/90),1
https://w3id.org/italia/public-administration-governance/controlled-vocabulary/data/elenco_diplomi_universitari/6,6,"Attestati e diplomi di corsi c/o  associazioni di categoria, con almeno 12 mesi di tirocinio aziendale",1
https://w3id.org/italia/public-administration-governance/controlled-vocabulary/data/elenco_diplomi_universitari/60,60,Scienze Infermieristiche  (L. 341/90),1
https://w3id.org/italia/public-administration-governance/controlled-vocabulary/data/elenco_diplomi_universitari/61,61,Scuola diretta a fini speciali in assistenza infermieristica ( DAI ) D.P.R. n. 162/1982 ,1
https://w3id.org/italia/public-administration-governance/controlled-vocabulary/data/elenco_diplomi_universitari/62,62,Tecnici di foniatria (DPR 162/82),1
https://w3id.org/italia/public-administration-governance/controlled-vocabulary/data/elenco_diplomi_universitari/63,63,Tecnico Audiometrista  (L. 341/90),1
https://w3id.org/italia/public-administration-governance/controlled-vocabulary/data/elenco_diplomi_universitari/64,64,Tecnico Audiometrista (corsi regionali di formazione specifica ex D. M.d.S. 30/88) ,1
https://w3id.org/italia/public-administration-governance/controlled-vocabulary/data/elenco_diplomi_universitari/65,65,"Tecnico Audiometrista (Corsi regionali triennali di formazione specifica, ante D. M.d.S. 30/88)",1
https://w3id.org/italia/public-administration-governance/controlled-vocabulary/data/elenco_diplomi_universitari/66,66,Tecnico Audiometrista (DPR 162/82),1
https://w3id.org/italia/public-administration-governance/controlled-vocabulary/data/elenco_diplomi_universitari/67,67,"Tecnico audiometrista e fonologopedista (c/o scuole dirette a fini speciali), con 3 anni di esp. Certificata USL negli ultimi 5, come Logopedista",1
https://w3id.org/italia/public-administration-governance/controlled-vocabulary/data/elenco_diplomi_universitari/68,68,Tecnico Audiometrista: corsi regionali di formazione specifica ex D. M.d.S. 30/88  ,1
https://w3id.org/italia/public-administration-governance/controlled-vocabulary/data/elenco_diplomi_universitari/69,69,Tecnico Audioprotesista  (L. 341/90),1
https://w3id.org/italia/public-administration-governance/controlled-vocabulary/data/elenco_diplomi_universitari/7,7,"Attestati e diplomi di corsi c/o  ex consorzi prov. di istruzione professionale, con almeno 12 mesi di tirocinio aziendale",1
https://w3id.org/italia/public-administration-governance/controlled-vocabulary/data/elenco_diplomi_universitari/70,70,Tecnico Audioprotesista (corsi regionali triennali di formazione specifica ex D.M.d.S. 30/88),1
https://w3id.org/italia/public-administration-governance/controlled-vocabulary/data/elenco_diplomi_universitari/71,71,Tecnico Audioprotesista (DPR 162/82),1
https://w3id.org/italia/public-administration-governance/controlled-vocabulary/data/elenco_diplomi_universitari/72,72,Tecnico dell'Educazione e della Riabilitazione Psichiatrica e Psicosociale  (L. 341/90),1
https://w3id.org/italia/public-administration-governance/controlled-vocabulary/data/elenco_diplomi_universitari/73,73,Tecnico dell’Educazione Sanitaria (DPR 162/82),1
https://w3id.org/italia/public-administration-governance/controlled-vocabulary/data/elenco_diplomi_universitari/74,74,Tecnico della fisiopatologia cardiocircolatoria e perfusione cardiovascolare – D.M.d.S. 316/88),1
https://w3id.org/italia/public-administration-governance/controlled-vocabulary/data/elenco_diplomi_universitari/75,75,Tecnico Della Prevenzione nell’ambiente  e nei Luoghi di Lavoro (L. 341/90),1
https://w3id.org/italia/public-administration-governance/controlled-vocabulary/data/elenco_diplomi_universitari/76,76,Tecnico della Riabilitazione Psichiatrica e Psicosociale (DPR 162/82),1
https://w3id.org/italia/public-administration-governance/controlled-vocabulary/data/elenco_diplomi_universitari/77,77,Tecnico di Angiocardiochirurgia – Perfusionista (D. M.d.S. 30/88),1
https://w3id.org/italia/public-administration-governance/controlled-vocabulary/data/elenco_diplomi_universitari/78,78,Tecnico di Assistenza Sociale Psichiatrica (DPR 162/82),1
https://w3id.org/italia/public-administration-governance/controlled-vocabulary/data/elenco_diplomi_universitari/79,79,"Tecnico di Audiometria e Audioprotesi (L. 341/90) con 3 anni di esp. certificata USL negli ultimi 5, come Audiometrista",1
https://w3id.org/italia/public-administration-governance/controlled-vocabulary/data/elenco_diplomi_universitari/8,8,"Attestati e diplomi di corsi c/o centri di addestramento addetti al commercio,  con almeno 12 mesi di tirocinio aziendale",1
https://w3id.org/italia/public-administration-governance/controlled-vocabulary/data/elenco_diplomi_universitari/80,80,"Tecnico di audiometria e audioprotesi (L. 341/90) con 3 anni di esp. certificata USL negli ultimi 5, come Audioprotesista",1
https://w3id.org/italia/public-administration-governance/controlled-vocabulary/data/elenco_diplomi_universitari/81,81,"Tecnico di audiometria e di protesizzazionie acustica (DPR 162/82) con 3 anni di esp. certificata USL negli ultimi 5, come Audioprotesista",1
https://w3id.org/italia/public-administration-governance/controlled-vocabulary/data/elenco_diplomi_universitari/82,82,"Tecnico di audiometria e fonologopedia (corsi universitari c/o scuole dirette a fini speciali), con 3 anni di esperienza certificata USL nell’ultimo quinquennio, come Logopedista",1
https://w3id.org/italia/public-administration-governance/controlled-vocabulary/data/elenco_diplomi_universitari/83,83,"Tecnico di audiometria e ortofonia (c/o scuole dirette a fini speciali), con 3 anni di esp. certificata USL negli ultimi 5, come Logopedista
",1
https://w3id.org/italia/public-administration-governance/controlled-vocabulary/data/elenco_diplomi_universitari/84,84,Tecnico di Audiometria e Ortofonia (DPR 162/82),1
https://w3id.org/italia/public-administration-governance/controlled-vocabulary/data/elenco_diplomi_universitari/85,85,Tecnico di Audiometria e Protesizzazione Acustica (DPR 162/82),1
https://w3id.org/italia/public-administration-governance/controlled-vocabulary/data/elenco_diplomi_universitari/86,86,"Tecnico di Audiometria e Protesizzazione acustica (DPR 162/82) con 3 anni di esp. certificata USL negli ultimi 5, come Audiometrista",1
https://w3id.org/italia/public-administration-governance/controlled-vocabulary/data/elenco_diplomi_universitari/87,87,Tecnico di Audiometria ed Audioprotesi  (L. 341/90),1
https://w3id.org/italia/public-administration-governance/controlled-vocabulary/data/elenco_diplomi_universitari/88,88,"Tecnico di Cardioangiochirurgia (corsi universitari c/o scuole dirette a fini speciali, conseguiti entro L.42/99) ",1
https://w3id.org/italia/public-administration-governance/controlled-vocabulary/data/elenco_diplomi_universitari/89,89,Tecnico di Cardioangiochirurgia (DPR 769/77),1
https://w3id.org/italia/public-administration-governance/controlled-vocabulary/data/elenco_diplomi_universitari/9,9,Attestati e diplomi di corsi professionali organizzati dalle regioni,1
https://w3id.org/italia/public-administration-governance/controlled-vocabulary/data/elenco_diplomi_universitari/90,90,"Tecnico di Cardiochirurgia (corsi universitari c/o scuole dirette a fini speciali, conseguiti entro L.42/99) ",1
https://w3id.org/italia/public-administration-governance/controlled-vocabulary/data/elenco_diplomi_universitari/91,91,Tecnico di Cardiochirurgia (DPR 19/12/88),1
https://w3id.org/italia/public-administration-governance/controlled-vocabulary/data/elenco_diplomi_universitari/92,92,"Tecnico di Cardiologia (corsi universitari c/o scuole dirette a fini speciali, conseguiti entro L.42/99) ",1
https://w3id.org/italia/public-administration-governance/controlled-vocabulary/data/elenco_diplomi_universitari/93,93,Tecnico di Cardiologia (DPR 1475),1
https://w3id.org/italia/public-administration-governance/controlled-vocabulary/data/elenco_diplomi_universitari/94,94,Tecnico di Dietologia e Dietetica Applicata o Dietista (DPR 162/82),1
https://w3id.org/italia/public-administration-governance/controlled-vocabulary/data/elenco_diplomi_universitari/95,95,Tecnico di Fisiopatologia Cardiocircolatoria (DPR 162/82),1
https://w3id.org/italia/public-administration-governance/controlled-vocabulary/data/elenco_diplomi_universitari/96,96,Tecnico di Fisiopatologia Cardiocircolatoria e Perfusione Cardiovascolare  (L.341/90),1
https://w3id.org/italia/public-administration-governance/controlled-vocabulary/data/elenco_diplomi_universitari/97,97,Tecnico di Laboratorio (DPR 162/82),1
https://w3id.org/italia/public-administration-governance/controlled-vocabulary/data/elenco_diplomi_universitari/98,98,Tecnico di Laboratorio Biomedico  (L. 341/90),1
https://w3id.org/italia/public-administration-governance/controlled-vocabulary/data/elenco_diplomi_universitari/99,99,Tecnico di Laboratorio Biomedico (DPR 162/82),1
